{"cameraMode":{"drawMode":0,"name":"Shaded","section":"Shading Mode"},"sceneLighting":false,"audioPlay":false,"sceneViewState":{"m_AlwaysRefresh":false,"showFog":true,"showSkybox":false,"showFlares":true,"showImageEffects":true,"showParticleSystems":true,"showVisualEffectGraphs":true,"m_FxEnabled":true},"in2DMode":false,"pivot":{"x":-0.0906209945678711,"y":1.7189717292785645,"z":0.021732807159423829},"rotation":{"x":0.27237018942832949,"y":0.03088204190135002,"z":-0.008747847750782967,"w":0.9616644382476807},"size":4.846514701843262,"orthographic":false}